{"loss":0.05256219528125802,"_timestamp":1.7821957697327137e+09,"_wandb":{"runtime":2},"_runtime":2.6107591770000003,"_step":49}